arm,seed,metric,value
rope,123,entropy_normalized,0.6100658178329468
rope,123,attended_distance_tokens,87.66876220703125
rope,123,attended_distance_fraction,0.2087874412536621
rope,123,first_token_mass,0.01647261157631874
rope,123,distance_mass_0,0.06586563587188721
rope,123,distance_mass_1_3,0.204431414604187
rope,123,distance_mass_4_15,0.17950402200222015
rope,123,distance_mass_16_63,0.20450234413146973
rope,123,distance_mass_64_255,0.24184593558311462
rope,123,distance_mass_256_plus,0.10385163873434067
rope,123,query_corr_entropy,0.37118005752563477
rope,123,query_corr_distance_fraction,-0.5035476088523865
rope,123,query_corr_first_token_mass,-0.4132453203201294
rope,123,logit_cc_centered_rms,1.9468955993652344
rope,123,logit_cp_centered_rms,0.0
rope,123,logit_pc_centered_rms,0.0
rope,123,logit_pp_centered_rms,0.0
rope,123,logit_position_total_centered_rms,0.0
rope,123,logit_total_centered_rms,1.9468955993652344
rope,123,logit_position_total_cosine,0.0
rope,123,attention_kl_full_vs_content_only,-5.529850535812564e-11
rope,456,entropy_normalized,0.6121774315834045
rope,456,attended_distance_tokens,94.0628662109375
rope,456,attended_distance_fraction,0.22057116031646729
rope,456,first_token_mass,0.01590755023062229
rope,456,distance_mass_0,0.06595813482999802
rope,456,distance_mass_1_3,0.1961006075143814
rope,456,distance_mass_4_15,0.17902885377407074
rope,456,distance_mass_16_63,0.19988326728343964
rope,456,distance_mass_64_255,0.24120473861694336
rope,456,distance_mass_256_plus,0.11782398819923401
rope,456,query_corr_entropy,0.38173890113830566
rope,456,query_corr_distance_fraction,-0.4847610592842102
rope,456,query_corr_first_token_mass,-0.41227200627326965
rope,456,logit_cc_centered_rms,1.9268826246261597
rope,456,logit_cp_centered_rms,0.0
rope,456,logit_pc_centered_rms,0.0
rope,456,logit_pp_centered_rms,0.0
rope,456,logit_position_total_centered_rms,0.0
rope,456,logit_total_centered_rms,1.9268826246261597
rope,456,logit_position_total_cosine,0.0
rope,456,attention_kl_full_vs_content_only,-5.137612123923274e-12
rope,789,entropy_normalized,0.6246318817138672
rope,789,attended_distance_tokens,96.18167877197266
rope,789,attended_distance_fraction,0.22351305186748505
rope,789,first_token_mass,0.013138419948518276
rope,789,distance_mass_0,0.06267458200454712
rope,789,distance_mass_1_3,0.1943359225988388
rope,789,distance_mass_4_15,0.17341960966587067
rope,789,distance_mass_16_63,0.2029917985200882
rope,789,distance_mass_64_255,0.24714866280555725
rope,789,distance_mass_256_plus,0.11942926049232483
rope,789,query_corr_entropy,0.39811480045318604
rope,789,query_corr_distance_fraction,-0.47644034028053284
rope,789,query_corr_first_token_mass,-0.41768205165863037
rope,789,logit_cc_centered_rms,1.870587944984436
rope,789,logit_cp_centered_rms,0.0
rope,789,logit_pc_centered_rms,0.0
rope,789,logit_pp_centered_rms,0.0
rope,789,logit_position_total_centered_rms,0.0
rope,789,logit_total_centered_rms,1.870587944984436
rope,789,logit_position_total_cosine,0.0
rope,789,attention_kl_full_vs_content_only,-1.557609596858356e-11
scalar-qkpre,123,entropy_normalized,0.5748831629753113
scalar-qkpre,123,attended_distance_tokens,87.25241088867188
scalar-qkpre,123,attended_distance_fraction,0.20971916615962982
scalar-qkpre,123,first_token_mass,0.02715764008462429
scalar-qkpre,123,distance_mass_0,0.07165253907442093
scalar-qkpre,123,distance_mass_1_3,0.2230507731437683
scalar-qkpre,123,distance_mass_4_15,0.18011540174484253
scalar-qkpre,123,distance_mass_16_63,0.19300398230552673
scalar-qkpre,123,distance_mass_64_255,0.22242645919322968
scalar-qkpre,123,distance_mass_256_plus,0.10975044965744019
scalar-qkpre,123,query_corr_entropy,0.3573935627937317
scalar-qkpre,123,query_corr_distance_fraction,-0.49640026688575745
scalar-qkpre,123,query_corr_first_token_mass,-0.42799681425094604
scalar-qkpre,123,logit_cc_centered_rms,1.3552287817001343
scalar-qkpre,123,logit_cp_centered_rms,0.3324601352214813
scalar-qkpre,123,logit_pc_centered_rms,0.4397355318069458
scalar-qkpre,123,logit_pp_centered_rms,0.313981294631958
scalar-qkpre,123,logit_position_total_centered_rms,0.806368350982666
scalar-qkpre,123,logit_total_centered_rms,1.951082468032837
scalar-qkpre,123,logit_position_total_cosine,0.8209043741226196
scalar-qkpre,123,attention_kl_full_vs_content_only,0.68836909532547
scalar-qkpre,456,entropy_normalized,0.5692574977874756
scalar-qkpre,456,attended_distance_tokens,87.48285675048828
scalar-qkpre,456,attended_distance_fraction,0.2110525369644165
scalar-qkpre,456,first_token_mass,0.031461428850889206
scalar-qkpre,456,distance_mass_0,0.06880540400743484
scalar-qkpre,456,distance_mass_1_3,0.21860267221927643
scalar-qkpre,456,distance_mass_4_15,0.1813143640756607
scalar-qkpre,456,distance_mass_16_63,0.19738587737083435
scalar-qkpre,456,distance_mass_64_255,0.22492781281471252
scalar-qkpre,456,distance_mass_256_plus,0.10896335542201996
scalar-qkpre,456,query_corr_entropy,0.35528048872947693
scalar-qkpre,456,query_corr_distance_fraction,-0.5102354884147644
scalar-qkpre,456,query_corr_first_token_mass,-0.41572704911231995
scalar-qkpre,456,logit_cc_centered_rms,1.37721586227417
scalar-qkpre,456,logit_cp_centered_rms,0.3529302179813385
scalar-qkpre,456,logit_pc_centered_rms,0.45749911665916443
scalar-qkpre,456,logit_pp_centered_rms,0.32034745812416077
scalar-qkpre,456,logit_position_total_centered_rms,0.8536742925643921
scalar-qkpre,456,logit_total_centered_rms,2.004866361618042
scalar-qkpre,456,logit_position_total_cosine,0.8191425204277039
scalar-qkpre,456,attention_kl_full_vs_content_only,0.731730043888092
scalar-qkpre,789,entropy_normalized,0.5836166143417358
scalar-qkpre,789,attended_distance_tokens,85.11703491210938
scalar-qkpre,789,attended_distance_fraction,0.20495876669883728
scalar-qkpre,789,first_token_mass,0.023297417908906937
scalar-qkpre,789,distance_mass_0,0.07202214002609253
scalar-qkpre,789,distance_mass_1_3,0.2251572608947754
scalar-qkpre,789,distance_mass_4_15,0.18574360013008118
scalar-qkpre,789,distance_mass_16_63,0.1922861486673355
scalar-qkpre,789,distance_mass_64_255,0.21718136966228485
scalar-qkpre,789,distance_mass_256_plus,0.10760969668626785
scalar-qkpre,789,query_corr_entropy,0.34857967495918274
scalar-qkpre,789,query_corr_distance_fraction,-0.4981578588485718
scalar-qkpre,789,query_corr_first_token_mass,-0.43175387382507324
scalar-qkpre,789,logit_cc_centered_rms,1.2997207641601562
scalar-qkpre,789,logit_cp_centered_rms,0.3478708267211914
scalar-qkpre,789,logit_pc_centered_rms,0.4563210606575012
scalar-qkpre,789,logit_pp_centered_rms,0.3216680884361267
scalar-qkpre,789,logit_position_total_centered_rms,0.849899172782898
scalar-qkpre,789,logit_total_centered_rms,1.9350706338882446
scalar-qkpre,789,logit_position_total_cosine,0.8300709128379822
scalar-qkpre,789,attention_kl_full_vs_content_only,0.6977209448814392
qk-readout-r32,123,entropy_normalized,0.5756092071533203
qk-readout-r32,123,attended_distance_tokens,88.86511993408203
qk-readout-r32,123,attended_distance_fraction,0.21490907669067383
qk-readout-r32,123,first_token_mass,0.031422000378370285
qk-readout-r32,123,distance_mass_0,0.06890690326690674
qk-readout-r32,123,distance_mass_1_3,0.21387426555156708
qk-readout-r32,123,distance_mass_4_15,0.179349884390831
qk-readout-r32,123,distance_mass_16_63,0.19714324176311493
qk-readout-r32,123,distance_mass_64_255,0.22912898659706116
qk-readout-r32,123,distance_mass_256_plus,0.11159737408161163
qk-readout-r32,123,query_corr_entropy,0.35544353723526
qk-readout-r32,123,query_corr_distance_fraction,-0.5290798544883728
qk-readout-r32,123,query_corr_first_token_mass,-0.43302297592163086
qk-readout-r32,123,logit_cc_centered_rms,0.9225626587867737
qk-readout-r32,123,logit_cp_centered_rms,0.5442476272583008
qk-readout-r32,123,logit_pc_centered_rms,1.1012576818466187
qk-readout-r32,123,logit_pp_centered_rms,1.135999083518982
qk-readout-r32,123,logit_position_total_centered_rms,1.645590901374817
qk-readout-r32,123,logit_total_centered_rms,1.9802486896514893
qk-readout-r32,123,logit_position_total_cosine,0.8627861738204956
qk-readout-r32,123,attention_kl_full_vs_content_only,1.9135059118270874
qk-readout-r32,456,entropy_normalized,0.5707620978355408
qk-readout-r32,456,attended_distance_tokens,86.67782592773438
qk-readout-r32,456,attended_distance_fraction,0.20910890400409698
qk-readout-r32,456,first_token_mass,0.030674748122692108
qk-readout-r32,456,distance_mass_0,0.06835377961397171
qk-readout-r32,456,distance_mass_1_3,0.22227400541305542
qk-readout-r32,456,distance_mass_4_15,0.17929428815841675
qk-readout-r32,456,distance_mass_16_63,0.19765472412109375
qk-readout-r32,456,distance_mass_64_255,0.2250659018754959
qk-readout-r32,456,distance_mass_256_plus,0.1073574423789978
qk-readout-r32,456,query_corr_entropy,0.3431171774864197
qk-readout-r32,456,query_corr_distance_fraction,-0.5192458629608154
qk-readout-r32,456,query_corr_first_token_mass,-0.41485148668289185
qk-readout-r32,456,logit_cc_centered_rms,0.9414679408073425
qk-readout-r32,456,logit_cp_centered_rms,0.55604487657547
qk-readout-r32,456,logit_pc_centered_rms,1.129790186882019
qk-readout-r32,456,logit_pp_centered_rms,1.1549667119979858
qk-readout-r32,456,logit_position_total_centered_rms,1.6727592945098877
qk-readout-r32,456,logit_total_centered_rms,2.020905017852783
qk-readout-r32,456,logit_position_total_cosine,0.8624119162559509
qk-readout-r32,456,attention_kl_full_vs_content_only,1.9554826021194458
qk-readout-r32,789,entropy_normalized,0.583328127861023
qk-readout-r32,789,attended_distance_tokens,84.98262023925781
qk-readout-r32,789,attended_distance_fraction,0.20435704290866852
qk-readout-r32,789,first_token_mass,0.027287514880299568
qk-readout-r32,789,distance_mass_0,0.07452420890331268
qk-readout-r32,789,distance_mass_1_3,0.23147958517074585
qk-readout-r32,789,distance_mass_4_15,0.18536372482776642
qk-readout-r32,789,distance_mass_16_63,0.19011807441711426
qk-readout-r32,789,distance_mass_64_255,0.21038411557674408
qk-readout-r32,789,distance_mass_256_plus,0.10812974721193314
qk-readout-r32,789,query_corr_entropy,0.339216023683548
qk-readout-r32,789,query_corr_distance_fraction,-0.5028257966041565
qk-readout-r32,789,query_corr_first_token_mass,-0.4294104278087616
qk-readout-r32,789,logit_cc_centered_rms,0.8751599192619324
qk-readout-r32,789,logit_cp_centered_rms,0.5497372150421143
qk-readout-r32,789,logit_pc_centered_rms,1.057173252105713
qk-readout-r32,789,logit_pp_centered_rms,1.1517356634140015
qk-readout-r32,789,logit_position_total_centered_rms,1.616418480873108
qk-readout-r32,789,logit_total_centered_rms,1.9242689609527588
qk-readout-r32,789,logit_position_total_cosine,0.8660818934440613
qk-readout-r32,789,attention_kl_full_vs_content_only,1.8708964586257935
